customer_id,name,address,phone
20,Linda Lewis,Mcdonaldville,936.104.4104x5341
75,Sandra Cox,Lake Jaimeville,+1-557-397-0035
11,Bryce Johnston,Port Dustinmouth,+1-957-656-2028x162
2,Billy Hodges,Murphyview,308-602-6714x544
8,Miguel Jordan,South Robertmouth,650-457-8193x048
79,Stephanie Daniel,New Kristy,008-124-3822x750
87,Megan Mckee,Wadeshire,+1-613-717-7353x5070
41,Kimberly Stephens,Ellisport,001-113-476-1304
85,Aaron Armstrong,Trevormouth,001-687-443-2325x311
29,Clayton Green,West Erinburgh,+1-145-308-4002x48047
46,Mrs. Latoya Lyons,Port Samuel,437.116.3496
45,Sean White,Fordfort,773-737-4563
55,Gabriel Davis,South Geoffrey,(157)170-7164
69,Derek Singleton,West Joann,9002939183
93,Traci Griffin,East Robin,221-945-2006
1,Megan Rosales,Sheashire,566.206.7560x3040
70,Tiffany Ashley,Blairhaven,(596)013-5192
99,Christopher Bullock,Ballville,720-094-6977
27,Natasha White,New Cynthiastad,816-469-3977x7557
100,Ms. Jill Williams,Sarahbury,(093)362-6131
10,Reginald Curry,New Samanthaberg,(761)684-3428x380
23,Mr. Peter Williams,Andrewport,578-666-8633x660
92,Edward Montgomery,Martinezview,001-201-483-0908x747
26,Martin Herrera,South Michaelberg,858-348-7190
5,Nicholas Bowers,Ramirezport,(879)839-4760
25,Dana Branch,Kennedychester,734-560-4907
86,Antonio Brown,Princestad,+1-235-798-9572x6168
64,Erin Hendricks,Sabrinaland,1086362914
18,Michele Rodriguez,Floresport,+1-496-425-2975
58,Patrick Villanueva,Port Anitaview,001-640-385-7100
88,Matthew Wyatt,Hansonmouth,+1-860-702-4911x6214
47,Antonio Mcintyre,Stonebury,+1-180-313-4278x674
51,Deborah Wells,Williamsmouth,0504947720
98,Dean Vaughn,Murrayville,(249)407-1122
59,Jennifer Coleman,East Dylan,670.914.4761
78,Robert Nichols,Heatherview,(747)230-3033x3095
4,Candice Ayala,Crystalchester,537-684-7508
14,Lauren Price,East Anitastad,(688)341-4971x062
67,Kelly Garrison,East Haley,+1-354-689-3798x6331
3,Eugene Cook,Lake Toddborough,082-243-7818
42,Adam Avery,Graceberg,+1-777-346-5276x74832
63,Ellen Tucker,Wallsport,814.816.5553x52785
21,Daryl Wilson,Jefferychester,(126)338-8993x72454
39,Kari Riley,North Melindafurt,078.493.9604x99001
40,Kristin Salinas,Anthonyside,047.712.3141x880
80,Briana Diaz MD,Michaelside,+1-583-157-2065x9819
68,Pamela Burgess,Jenkinschester,001-406-920-5473
94,Kyle Perez,East Johnnychester,770.623.5197x34844
28,Robert Perry,Kanehaven,(519)740-8693
74,Jason Gordon,South Erin,008-385-4118
50,Joan Gonzalez,North Edgar,+1-630-390-0610x987
17,Stacy Morales,East Brandyburgh,990.922.4039x04820
35,Andrew Campbell,East Joshua,773-318-4291x6768
52,Nicole Blackburn,North Lisa,157.668.2538x5344
56,Paul Wilson,Lake Joshuaview,067-397-8251
9,Eduardo Turner,Taylorside,447-707-0721x721
37,Thomas Hernandez,North Shelby,(466)922-7219
60,Samuel Quinn,Maldonadomouth,(024)722-7331
43,Lindsay Golden,Courtneystad,+1-129-005-4757x26289
44,Elizabeth Oliver,East Yolandaview,923.281.4685
91,Eric Gray,Williamsberg,372.285.5777x699
82,Matthew Stewart,South Toni,521-972-3273x43953
13,Lisa Houston,Claireside,(265)744-0765x33601
73,Laura Johnson,Jonathanberg,001-864-678-5121x09430
7,Blake Walker,Martinfort,+1-340-078-5036x8032
54,Kyle Scott,Lake Aaronside,215.755.9873x585
72,Jerry Gonzalez,New Sarahmouth,885.750.6751x1803
31,Craig Howard,Holtside,7510439084
90,Juan Smith,Guerrerochester,(492)140-1902x79283
62,Jose Mcclain,Donaldstad,226.442.3382x621
12,Jason Jones,North Evanside,(088)622-1205x39229
96,Dawn Johnson,Theresabury,001-688-969-2719x579
36,Caroline Hansen,Stonetown,(245)473-8781
6,Bonnie Zamora,Katherinemouth,001-071-687-9554
57,Chelsea Carpenter,Katelynberg,(492)937-4061
76,Jamie Fowler,Jamesfort,782-513-7970
84,Mallory Brooks,Barbaramouth,001-685-496-0389x6108
66,Robert Guzman,Phillipbury,001-179-130-9732x973
22,Brandon Morrison,Pachecoberg,235.365.6563x927
77,Jeffrey Krause,Jacksonborough,951-197-8571x2479
49,Stanley Coffey,Port Jennifer,415.819.8628x4853
71,Antonio Haney,Mosleyville,462-151-7859
97,Heather Petersen,North Cynthiabury,389.750.3839x2763
83,Mario Garrett,West Jose,3960861396
16,Amanda Cox,Wellsmouth,2639750185
48,Christopher Liu,East Tara,+1-913-344-6057x84774
95,Robert Fitzpatrick,Johnsonshire,062.147.7767x6915
24,Gina Salas,Gibbsville,(305)666-7671x42180
30,Jessica Davis,North Kathryn,(048)187-0912x67464
38,Ryan Jackson,Maryville,807.058.3007x26788
81,Craig Allen,Rodneyside,001-616-199-8714x49531
19,Robert Li,Bonniefort,+1-105-987-6279x142
53,Ian Werner,Wallacefurt,784-408-3729x2947
34,Michael Diaz,Alyssaton,001-749-342-1160x5650
61,Robert Walton,Knoxfort,723-582-8616x8355
33,Zachary Williams,Ricardomouth,+1-196-010-5602x20785
89,Dana Smith,Josephville,(420)049-8655
65,Christopher Daugherty,South Scottberg,(152)804-3767
15,Angela Wells,New Mariah,001-898-019-1455x2359
32,Mary Beard,Carterport,+1-946-756-8743x342
